ipv4,ipv6,country,region,city,latitude,longitude,serverid,servername,useragent,connectiontype,ispname,ispnameraw,download_kbps,upload_kbps,ping_ms,jitter,testid,resultDate,local_time,download_mbps,upload_mbps,isp
,2402:800:620e::,Vietnam,Quang Nam Province,Dai Loc,15.65,108.23,72434,Tam Ky,CHROME,,Viettel,Viettel Group,13019.0,,5,3,18389091-984a-bb8d-ij0j-1jiee8jbj0j8,2025-10-24 10:25:34+00:00,2025-10-24 17:25:34+07:00,13.019,,Viettel Group
,2402:800:620e::,Vietnam,Quang Nam Province,Dai Loc,15.65,108.23,72434,Tam Ky,CHROME,,Viettel,Viettel Group,11035.0,,6,2,18389093-169a-bb8d-ij0j-3bgjj6bdj0j8,2025-10-24 10:25:58+00:00,2025-10-24 17:25:58+07:00,11.035,,Viettel Group
,2402:800:620e::,Vietnam,Quang Nam Province,Dai Loc,15.65,108.23,72434,Tam Ky,CHROME,,Viettel,Viettel Group,21056.0,,6,2,18389094-541a-bb8d-ij0j-4febb4fej0j8,2025-10-24 10:26:25+00:00,2025-10-24 17:26:25+07:00,21.056,,Viettel Group
117.2.253.0,,Vietnam,Da Nang,Da Nang,16.07,108.22,72434,Tam Ky,CHROME,,Viettel,Viettel Group,315636.0,296143.0,6,0,18389163-408a-bb8d-ij1g-3eaii0edg1j8,2025-10-24 10:48:47+00:00,2025-10-24 17:48:47+07:00,315.636,296.143,Viettel Group
117.2.253.0,,Vietnam,Da Nang,Da Nang,16.07,108.22,72434,Tam Ky,CHROME,,Viettel,Viettel Group,267309.0,318673.0,10,0,18389169-872a-bb8d-ij1g-9ihcc7ijg1j8,2025-10-24 10:50:50+00:00,2025-10-24 17:50:50+07:00,267.309,318.673,Viettel Group
117.2.253.0,,Vietnam,Da Nang,Da Nang,16.07,108.22,72434,Tam Ky,CHROME,,Viettel,Viettel Group,299144.0,318251.0,5,0,18389220-456a-bb8d-ij2c-0efgg5eac2j8,2025-10-24 11:06:43+00:00,2025-10-24 18:06:43+07:00,299.144,318.251,Viettel Group
117.2.253.0,,Vietnam,Da Nang,Da Nang,16.07,108.22,72434,Tam Ky,CHROME,,Viettel,Viettel Group,303010.0,317765.0,10,0,18389255-210a-bb8d-ij2f-5cbaa1cff2j8,2025-10-24 11:17:30+00:00,2025-10-24 18:17:30+07:00,303.01,317.765,Viettel Group
,2402:800:62f6::,Vietnam,Quang Nam Province,Dai Loc,15.65,108.23,72434,Tam Ky,EDGE,,Viettel,Viettel Group,26775.0,4381.0,8,3,18389265-789a-bb8d-ij2g-5hijj8hfg2j8,2025-10-24 11:20:53+00:00,2025-10-24 18:20:53+07:00,26.775,4.381,Viettel Group
117.2.133.0,,Vietnam,Quang Nam Province,An Binh,15.67,108.37,72434,Tam Ky,Chrome,,Viettel,Viettel Group,401955.0,,5,8,18389268-418a-bb8d-ij2g-8ebii1eig2j8,2025-10-24 11:21:42+00:00,2025-10-24 18:21:42+07:00,401.955,,Viettel Group
,2402:800:62f6::,Vietnam,Quang Nam Province,Dai Loc,15.65,108.23,72434,Tam Ky,EDGE,,Viettel,Viettel Group,18546.0,2807.0,6,267,18389269-239a-bb8d-ij2g-9cdjj3cjg2j8,2025-10-24 11:21:57+00:00,2025-10-24 18:21:57+07:00,18.546,2.807,Viettel Group
117.2.133.0,,Vietnam,Quang Nam Province,An Binh,15.67,108.37,72434,Tam Ky,Chrome,,Viettel,Viettel Group,456867.0,,6,1,18389269-736a-bb8d-ij2g-9hdgg3hjg2j8,2025-10-24 11:22:07+00:00,2025-10-24 18:22:07+07:00,456.867,,Viettel Group
117.2.253.0,,Vietnam,Da Nang,Da Nang,16.07,108.22,72434,Tam Ky,CHROME,,Viettel,Viettel Group,309801.0,318850.0,7,0,18389323-530a-bb8d-ij3c-3fdaa3fdc3j8,2025-10-24 11:38:39+00:00,2025-10-24 18:38:39+07:00,309.801,318.85,Viettel Group
,2402:800:62f6::,Vietnam,Quang Nam Province,Dai Loc,15.65,108.23,72434,Tam Ky,Chrome,,Viettel,Viettel Group,40120.0,,7,3,18389324-101a-bb8d-ij3c-4babb0bec3j8,2025-10-24 11:38:49+00:00,2025-10-24 18:38:49+07:00,40.12,,Viettel Group
,2001:ee0:4c7e::,Vietnam,Quang Nam Province,Phu Cuong,15.75,108.32,72434,Tam Ky,EDGE,,Vinaphone,VNPT,37833.0,30847.0,8,9,18389331-465a-bb8d-ij3d-1egff6ebd3j8,2025-10-24 11:40:59+00:00,2025-10-24 18:40:59+07:00,37.833,30.847,VNPT
117.2.253.0,,Vietnam,Da Nang,Da Nang,16.07,108.22,72434,Tam Ky,CHROME,,Viettel,Viettel Group,300797.0,318675.0,9,0,18389384-274a-bb8d-ij3i-4chee7cei3j8,2025-10-24 11:56:18+00:00,2025-10-24 18:56:18+07:00,300.797,318.675,Viettel Group
117.2.253.0,,Vietnam,Da Nang,Da Nang,16.07,108.22,72434,Tam Ky,CHROME,,Viettel,Viettel Group,310301.0,318621.0,7,0,18389401-858a-bb8d-ij4a-1ifii5iba4j8,2025-10-24 12:01:19+00:00,2025-10-24 19:01:19+07:00,310.301,318.621,Viettel Group
,2402:800:6236::,Vietnam,Quang Nam Province,Cẩm An,15.57,108.33,72434,Tam Ky,Chrome,,Viettel,Viettel Group,642663.0,455942.0,4,0,18389409-965a-bb8d-ij4a-9jgff6jja4j8,2025-10-24 12:03:38+00:00,2025-10-24 19:03:38+07:00,642.663,455.942,Viettel Group
,2402:800:6236::,Vietnam,Quang Nam Province,Cẩm An,15.57,108.33,72434,Tam Ky,Chrome,,Viettel,Viettel Group,623311.0,441725.0,3,0,18389412-520a-bb8d-ij4b-2fcaa2fcb4j8,2025-10-24 12:04:23+00:00,2025-10-24 19:04:23+07:00,623.311,441.725,Viettel Group
,2402:800:6210::,Vietnam,Quảng Trị Province,Tho Xuan,16.85,107.03,72434,Tam Ky,Chrome,,Viettel,Viettel Group,46271.0,,55,25,18389412-824a-bb8d-ij4b-2icee2icb4j8,2025-10-24 12:04:28+00:00,2025-10-24 19:04:28+07:00,46.271,,Viettel Group
,2001:ee0:1b5::,Vietnam,Da Nang,Da Nang,16.07,108.22,72434,Tam Ky,Chrome,,Vinaphone,VNPT,93791.0,50831.0,37,18,18389425-735a-bb8d-ij4c-5hdff3hfc4j8,2025-10-24 12:08:06+00:00,2025-10-24 19:08:06+07:00,93.791,50.831,VNPT
117.2.253.0,,Vietnam,Da Nang,Da Nang,16.07,108.22,72434,Tam Ky,CHROME,,Viettel,Viettel Group,310338.0,318696.0,7,2,18389451-275a-bb8d-ij4f-1chff7cbf4j8,2025-10-24 12:15:02+00:00,2025-10-24 19:15:02+07:00,310.338,318.696,Viettel Group
,2402:800:620e::,Vietnam,Quang Nam Province,Dai Loc,15.65,108.23,72434,Tam Ky,Chrome,,Viettel,Viettel Group,17937.0,16943.0,24,25,18389471-654a-bb8d-ij4h-1gfee5gbh4j8,2025-10-24 12:20:31+00:00,2025-10-24 19:20:31+07:00,17.937,16.943,Viettel Group
,2402:800:620e::,Vietnam,Quang Nam Province,Dai Loc,15.65,108.23,72434,Tam Ky,Chrome,,Viettel,Viettel Group,127273.0,125977.0,7,0,18389494-780a-bb8d-ij4j-4hiaa8hej4j8,2025-10-24 12:26:43+00:00,2025-10-24 19:26:43+07:00,127.273,125.977,Viettel Group
,2402:800:6236::,Vietnam,Quang Nam Province,Cẩm An,15.57,108.33,72434,Tam Ky,Chrome,,Viettel,Viettel Group,93399.0,93132.0,2,0,18389515-265a-bb8d-ij5b-5cgff6cfb5j8,2025-10-24 12:32:15+00:00,2025-10-24 19:32:15+07:00,93.399,93.132,Viettel Group
,2402:800:62f6::,Vietnam,Quang Nam Province,Dai Loc,15.65,108.23,72434,Tam Ky,EDGE,,Viettel,Viettel Group,79878.0,105837.0,4,12,18389526-562a-bb8d-ij5c-6fgcc6fgc5j8,2025-10-24 12:35:15+00:00,2025-10-24 19:35:15+07:00,79.878,105.837,Viettel Group
,2402:800:6238::,Vietnam,Quảng Trị Province,Quảng Trị,16.75,107.2,72434,Tam Ky,Chrome,,Viettel,Viettel Group,101624.0,125676.0,14,43,18389528-786a-bb8d-ij5c-8higg8hic5j8,2025-10-24 12:35:49+00:00,2025-10-24 19:35:49+07:00,101.624,125.676,Viettel Group
,2402:800:6236::,Vietnam,Quang Nam Province,Tien Phuoc,15.48,108.3,72434,Tam Ky,Chrome,,Viettel,Viettel Group,2847.0,45929.0,6,58,18389561-620a-bb8d-ij5g-1gcaa2gbg5j8,2025-10-24 12:44:19+00:00,2025-10-24 19:44:19+07:00,2.847,45.929,Viettel Group
,2402:800:620e::,Vietnam,Quang Nam Province,Dai Loc,15.65,108.23,72434,Tam Ky,EDGE,,Viettel,Viettel Group,317707.0,218227.0,5,2,18389561-785a-bb8d-ij5g-1hiff8hbg5j8,2025-10-24 12:44:22+00:00,2025-10-24 19:44:22+07:00,317.707,218.227,Viettel Group
,2402:800:620e::,Vietnam,Quang Nam Province,Dai Loc,15.65,108.23,72434,Tam Ky,EDGE,,Viettel,Viettel Group,319670.0,215963.0,4,0,18389564-935a-bb8d-ij5g-4jdff3jeg5j8,2025-10-24 12:45:10+00:00,2025-10-24 19:45:10+07:00,319.67,215.963,Viettel Group
116.103.147.0,,Vietnam,Quang Nam Province,Gia Phuoc,15.63,108.38,72434,Tam Ky,Chrome,,Viettel,Viettel Group,11163.0,14856.0,6,1,18389565-535a-bb8d-ij5g-5fdff3ffg5j8,2025-10-24 12:45:19+00:00,2025-10-24 19:45:19+07:00,11.163,14.856,Viettel Group
113.185.106.0,,Vietnam,Da Nang,Da Nang,16.07,108.22,72434,Tam Ky,Chrome,,Vinaphone,VNPT,16277.0,,29,5,18389579-602a-bb8d-ij5h-9gacc0gjh5j8,2025-10-24 12:48:55+00:00,2025-10-24 19:48:55+07:00,16.277,,VNPT
171.225.184.0,,Vietnam,Da Nang,Tuyen Hoa,16.03,108.22,72434,Tam Ky,Chrome,,Viettel,Viettel Group,378418.0,,18,4,18389584-543a-bb8d-ij5i-4fedd4fei5j8,2025-10-24 12:50:12+00:00,2025-10-24 19:50:12+07:00,378.418,,Viettel Group
,2402:800:620e::,Vietnam,Quang Nam Province,Dai Loc,15.65,108.23,72434,Tam Ky,Chrome,,Viettel,Viettel Group,45581.0,20130.0,5,2,18389599-468a-bb8d-ij5j-9egii6ejj5j8,2025-10-24 12:53:54+00:00,2025-10-24 19:53:54+07:00,45.581,20.13,Viettel Group
,2402:800:620e::,Vietnam,Quang Nam Province,Dai Loc,15.65,108.23,72434,Tam Ky,Chrome,,Viettel,Viettel Group,33352.0,14156.0,5,0,18389605-937a-bb8d-ij6a-5jdhh3jfa6j8,2025-10-24 12:55:28+00:00,2025-10-24 19:55:28+07:00,33.352,14.156,Viettel Group
,2402:800:620e::,Vietnam,Quang Nam Province,Dai Loc,15.65,108.23,72434,Tam Ky,Chrome,,Viettel,Viettel Group,170046.0,60872.0,4,0,18389609-351a-bb8d-ij6a-9dfbb5dja6j8,2025-10-24 12:56:18+00:00,2025-10-24 19:56:18+07:00,170.046,60.872,Viettel Group
171.234.12.0,,Vietnam,Quang Ngai,Nghĩa Hành,15.05,108.78,72434,Tam Ky,Edge,,Viettel,Viettel Group,82373.0,7200.0,20,5,18389637-091a-bb8d-ij6d-7ajbb9ahd6j8,2025-10-24 13:03:08+00:00,2025-10-24 20:03:08+07:00,82.373,7.2,Viettel Group
,2001:ee0:1c03::,Vietnam,Da Nang,Da Nang,16.07,108.22,72434,Tam Ky,Chrome,,Vinaphone,VNPT,647.0,,102,471,18389731-432a-bb8d-ij7d-1edcc3ebd7j8,2025-10-24 13:26:57+00:00,2025-10-24 20:26:57+07:00,0.647,,VNPT
116.98.249.0,,Vietnam,Thua Thien Hue,Huế,16.47,107.6,72434,Tam Ky,Chrome,,Viettel,Viettel Group,14732.0,,17,18,18389736-396a-bb8d-ij7d-6djgg9dgd7j8,2025-10-24 13:28:12+00:00,2025-10-24 20:28:12+07:00,14.732,,Viettel Group
,2402:800:620e::,Vietnam,Quang Nam Province,Dai Loc,15.65,108.23,72434,Tam Ky,Chrome,,Viettel,Viettel Group,139117.0,27537.0,4,0,18389803-408a-bb8d-ij8a-3eaii0eda8j8,2025-10-24 13:44:02+00:00,2025-10-24 20:44:02+07:00,139.117,27.537,Viettel Group
113.185.109.0,,Vietnam,Da Nang,Da Nang,16.07,108.22,72434,Tam Ky,Chrome,,Vinaphone,VNPT,5359.0,,36,29,18389858-400a-bb8d-ij8f-8eaaa0eif8j8,2025-10-24 13:56:42+00:00,2025-10-24 20:56:42+07:00,5.359,,VNPT
,2402:800:62ee::,Vietnam,Quang Nam Province,An Loc,15.77,108.28,72434,Tam Ky,Chrome,,Viettel,Viettel Group,67388.0,20981.0,5,1,18389867-632a-bb8d-ij8g-7gdcc3ghg8j8,2025-10-24 13:58:50+00:00,2025-10-24 20:58:50+07:00,67.388,20.981,Viettel Group
,2402:800:6236::,Vietnam,Quang Nam Province,Dong Son,15.65,108.27,72434,Tam Ky,Opera,,Viettel,Viettel Group,44383.0,45805.0,5,1,18389869-378a-bb8d-ij8g-9dhii7djg8j8,2025-10-24 13:59:15+00:00,2025-10-24 20:59:15+07:00,44.383,45.805,Viettel Group
,2402:800:62ee::,Vietnam,Quang Nam Province,Thanh Son,15.68,108.33,72434,Tam Ky,Chrome,,Viettel,Viettel Group,53591.0,79084.0,6,2,18389879-732a-bb8d-ij8h-9hdcc3hjh8j8,2025-10-24 14:01:35+00:00,2025-10-24 21:01:35+07:00,53.591,79.084,Viettel Group
221.132.9.0,,Vietnam,,,16.17,107.83,72434,Tam Ky,SAFARI,,Vinaphone,VNPT,62967.0,,29,60,18389917-561a-bb8d-ij9b-7fgbb6fhb9j8,2025-10-24 14:10:14+00:00,2025-10-24 21:10:14+07:00,62.967,,VNPT
116.110.227.0,,Vietnam,Ho Chi Minh,,10.82,106.63,72434,Tam Ky,Chrome,,Viettel,Viettel Group,57492.0,,41,20,18389931-339a-bb8d-ij9d-1ddjj3dbd9j8,2025-10-24 14:13:16+00:00,2025-10-24 21:13:16+07:00,57.492,,Viettel Group
116.98.249.0,,Vietnam,Thua Thien Hue,Huế,16.47,107.6,72434,Tam Ky,CHROME,,Viettel,Viettel Group,18842.0,,88,126,18389970-706a-bb8d-ij9h-0hagg0hah9j8,2025-10-24 14:22:28+00:00,2025-10-24 21:22:28+07:00,18.842,,Viettel Group
,2402:800:620e::,Vietnam,Quang Nam Province,Dai Loc,15.65,108.23,72434,Tam Ky,Chrome,,Viettel,Viettel Group,318886.0,320529.0,2,0,18390001-249a-bb8d-ja0a-1cejj4cba0a9,2025-10-24 14:29:42+00:00,2025-10-24 21:29:42+07:00,318.886,320.529,Viettel Group
,2402:800:620e::,Vietnam,Quang Nam Province,Dai Loc,15.65,108.23,72434,Tam Ky,Chrome,,Viettel,Viettel Group,92481.0,92680.0,3,1,18390019-454a-bb8d-ja0b-9efee5ejb0a9,2025-10-24 14:34:01+00:00,2025-10-24 21:34:01+07:00,92.481,92.68,Viettel Group
117.2.253.0,,Vietnam,Da Nang,Da Nang,16.07,108.22,72434,Tam Ky,CHROME,,Viettel,Viettel Group,254393.0,318791.0,6,0,18390050-868a-bb8d-ja0f-0igii6iaf0a9,2025-10-24 14:41:26+00:00,2025-10-24 21:41:26+07:00,254.393,318.791,Viettel Group
27.71.162.0,,Vietnam,Quang Nam Province,Phu Loc,15.8,108.18,72434,Tam Ky,Chrome,,Viettel,Viettel Group,203611.0,82494.0,7,0,18390054-709a-bb8d-ja0f-4hajj0hef0a9,2025-10-24 14:42:20+00:00,2025-10-24 21:42:20+07:00,203.611,82.494,Viettel Group
,2402:800:620e::,Vietnam,Quang Nam Province,Dai Loc,15.65,108.23,72434,Tam Ky,Chrome,,Viettel,Viettel Group,279255.0,30878.0,6,0,18390080-024a-bb8d-ja0i-0acee2aai0a9,2025-10-24 14:48:06+00:00,2025-10-24 21:48:06+07:00,279.255,30.878,Viettel Group
209.58.191.0,,Hong Kong,,Hong Kong,22.28,114.15,72434,Tam Ky,Chrome,,Leaseweb Hong Kong,Leaseweb Hong Kong,181615.0,85468.0,75,0,18390080-400a-bb8d-ja0i-0eaaa0eai0a9,2025-10-24 14:48:12+00:00,2025-10-24 21:48:12+07:00,181.615,85.468,Leaseweb Hong Kong
,2401:d800:f5bd::,Vietnam,Ho Chi Minh,Ho Chi Minh City,10.75,106.67,72434,Tam Ky,SAFARI,,Viettel,Viettel Group,76904.0,19558.0,36,37,18390087-037a-bb8d-ja0i-7adhh3ahi0a9,2025-10-24 14:49:45+00:00,2025-10-24 21:49:45+07:00,76.904,19.558,Viettel Group
117.2.253.0,,Vietnam,Da Nang,Da Nang,16.07,108.22,72434,Tam Ky,CHROME,,Viettel,Viettel Group,290849.0,315841.0,11,0,18390088-344a-bb8d-ja0i-8deee4dii0a9,2025-10-24 14:50:03+00:00,2025-10-24 21:50:03+07:00,290.849,315.841,Viettel Group
,2402:800:620e::,Vietnam,Quang Nam Province,Dai Loc,15.65,108.23,72434,Tam Ky,Chrome,,Viettel,Viettel Group,312011.0,311624.0,4,1,18390102-778a-bb8d-ja1a-2hhii7hca1a9,2025-10-24 14:53:22+00:00,2025-10-24 21:53:22+07:00,312.011,311.624,Viettel Group
117.2.253.0,,Vietnam,Da Nang,Da Nang,16.07,108.22,72434,Tam Ky,CHROME,,Viettel,Viettel Group,309445.0,318886.0,7,0,18390123-025a-bb8d-ja1c-3acff2adc1a9,2025-10-24 14:58:02+00:00,2025-10-24 21:58:02+07:00,309.445,318.886,Viettel Group
,2402:800:620e::,Vietnam,Quang Nam Province,Dai Loc,15.65,108.23,72434,Tam Ky,Chrome,,Viettel,Viettel Group,17106.0,15320.0,3,3,18390123-838a-bb8d-ja1c-3idii3idc1a9,2025-10-24 14:58:13+00:00,2025-10-24 21:58:13+07:00,17.106,15.32,Viettel Group
,2001:ee0:290::,Vietnam,Da Nang,Da Nang,16.07,108.22,72434,Tam Ky,SAFARI,,Vinaphone,VNPT,66006.0,22696.0,39,10,18390146-063a-bb8d-ja1e-6agdd6age1a9,2025-10-24 15:03:27+00:00,2025-10-24 22:03:27+07:00,66.006,22.696,VNPT
,2402:800:620e::,Vietnam,Quang Nam Province,Dai Loc,15.65,108.23,72434,Tam Ky,CHROME,,Viettel,Viettel Group,36380.0,,6,5,18390167-935a-bb8d-ja1g-7jdff3jhg1a9,2025-10-24 15:08:41+00:00,2025-10-24 22:08:41+07:00,36.38,,Viettel Group
,2402:800:6236::,Vietnam,Quang Nam Province,Gia Phuoc,15.63,108.38,72434,Tam Ky,Chrome,,Viettel,Viettel Group,632295.0,320473.0,4,0,18390172-901a-bb8d-ja1h-2jabb0jch1a9,2025-10-24 15:09:50+00:00,2025-10-24 22:09:50+07:00,632.295,320.473,Viettel Group
27.70.152.0,,Vietnam,Thua Thien Hue,Hương Trà,16.48,107.58,72434,Tam Ky,Chrome,,Viettel,Viettel Group,15871.0,7506.0,36,31,18390178-618a-bb8d-ja1h-8gbii1gih1a9,2025-10-24 15:11:08+00:00,2025-10-24 22:11:08+07:00,15.871,7.506,Viettel Group
,2402:800:620e::,Vietnam,Quang Nam Province,Dai Loc,15.65,108.23,72434,Tam Ky,CHROME,,Viettel,Viettel Group,77498.0,,14,10,18390205-616a-bb8d-ja2a-5gbgg1gfa2a9,2025-10-24 15:17:19+00:00,2025-10-24 22:17:19+07:00,77.498,,Viettel Group
117.2.253.0,,Vietnam,Da Nang,Da Nang,16.07,108.22,72434,Tam Ky,CHROME,,Viettel,Viettel Group,317922.0,297398.0,6,1,18390215-253a-bb8d-ja2b-5cfdd5cfb2a9,2025-10-24 15:19:39+00:00,2025-10-24 22:19:39+07:00,317.922,297.398,Viettel Group
171.225.184.0,,Vietnam,Da Nang,Tuyen Hoa,16.03,108.22,72434,Tam Ky,Chrome,,Viettel,Viettel Group,241988.0,,12,2,18390218-948a-bb8d-ja2b-8jeii4jib2a9,2025-10-24 15:20:31+00:00,2025-10-24 22:20:31+07:00,241.988,,Viettel Group
,2402:800:620e::,Vietnam,Quang Nam Province,Dai Loc,15.65,108.23,72434,Tam Ky,Chrome,,Viettel,Viettel Group,269579.0,243485.0,4,0,18390273-631a-bb8d-ja2h-3gdbb3gdh2a9,2025-10-24 15:33:43+00:00,2025-10-24 22:33:43+07:00,269.579,243.485,Viettel Group
221.132.15.0,,Vietnam,,,16.17,107.83,72434,Tam Ky,Firefox,,Vinaphone,VNPT,348107.0,308563.0,19,0,18390288-099a-bb8d-ja2i-8ajjj9aii2a9,2025-10-24 15:37:16+00:00,2025-10-24 22:37:16+07:00,348.107,308.563,VNPT
116.111.225.0,,Vietnam,Quang Nam Province,Gia Phuoc,15.63,108.38,72434,Tam Ky,Chrome,,Viettel,Viettel Group,527193.0,323408.0,3,27,18390320-347a-bb8d-ja3c-0dehh4dac3a9,2025-10-24 15:44:59+00:00,2025-10-24 22:44:59+07:00,527.193,323.408,Viettel Group
113.167.91.0,,Vietnam,Thanh Hoa,Phu Ly,19.85,105.68,72434,Tam Ky,Firefox,,Vinaphone,VNPT,614930.0,321524.0,18,1,18390335-842a-bb8d-ja3d-5iecc4ifd3a9,2025-10-24 15:48:47+00:00,2025-10-24 22:48:47+07:00,614.93,321.524,VNPT
,2402:800:620e::,Vietnam,Quang Nam Province,Dai Loc,15.65,108.23,72434,Tam Ky,Chrome,,Viettel,Viettel Group,189857.0,191795.0,4,0,18390345-935a-bb8d-ja3e-5jdff3jfe3a9,2025-10-24 15:51:17+00:00,2025-10-24 22:51:17+07:00,189.857,191.795,Viettel Group
117.2.253.0,,Vietnam,Da Nang,Da Nang,16.07,108.22,72434,Tam Ky,CHROME,,Viettel,Viettel Group,309425.0,315021.0,10,1,18390368-900a-bb8d-ja3g-8jaaa0jig3a9,2025-10-24 15:56:57+00:00,2025-10-24 22:56:57+07:00,309.425,315.021,Viettel Group
,2402:800:6236::,Vietnam,Quang Nam Province,Thăng Bình,15.73,108.37,72434,Tam Ky,Chrome,,Viettel,Viettel Group,422647.0,453119.0,3,0,18390374-673a-bb8d-ja3h-4ghdd7geh3a9,2025-10-24 15:58:24+00:00,2025-10-24 22:58:24+07:00,422.647,453.119,Viettel Group
,2402:800:620e::,Vietnam,Quang Nam Province,Dai Loc,15.65,108.23,72434,Tam Ky,Chrome,,Viettel,Viettel Group,206183.0,234035.0,4,1,18390525-307a-bb8d-ja5c-5dahh0dfc5a9,2025-10-24 16:35:59+00:00,2025-10-24 23:35:59+07:00,206.183,234.035,Viettel Group
117.2.253.0,,Vietnam,Da Nang,Da Nang,16.07,108.22,72434,Tam Ky,CHROME,,Viettel,Viettel Group,312939.0,297276.0,5,0,18390564-338a-bb8d-ja5g-4ddii3deg5a9,2025-10-24 16:45:40+00:00,2025-10-24 23:45:40+07:00,312.939,297.276,Viettel Group
117.2.253.0,,Vietnam,Da Nang,Da Nang,16.07,108.22,72434,Tam Ky,CHROME,,Viettel,Viettel Group,316327.0,297549.0,7,0,18390627-734a-bb8d-ja6c-7hdee3hhc6a9,2025-10-24 17:01:55+00:00,2025-10-25 00:01:55+07:00,316.327,297.549,Viettel Group
117.2.253.0,,Vietnam,Da Nang,Da Nang,16.07,108.22,72434,Tam Ky,CHROME,,Viettel,Viettel Group,299107.0,319186.0,6,0,18390640-781a-bb8d-ja6e-0hibb8hae6a9,2025-10-24 17:05:20+00:00,2025-10-25 00:05:20+07:00,299.107,319.186,Viettel Group
,2401:d800:95b0::,Vietnam,Thua Thien Hue,Huế,16.47,107.6,72434,Tam Ky,Chrome,,Viettel,Viettel Group,257165.0,54224.0,27,18,18390702-503a-bb8d-ja7a-2fadd0fca7a9,2025-10-24 17:21:08+00:00,2025-10-25 00:21:08+07:00,257.165,54.224,Viettel Group
,2402:800:6236::,Vietnam,Quang Nam Province,Cẩm An,15.57,108.33,72434,Tam Ky,Chrome,,Viettel,Viettel Group,90719.0,92765.0,2,0,18390760-875a-bb8d-ja7g-0ihff7iag7a9,2025-10-24 17:36:40+00:00,2025-10-25 00:36:40+07:00,90.719,92.765,Viettel Group
117.2.253.0,,Vietnam,Da Nang,Da Nang,16.07,108.22,72434,Tam Ky,CHROME,,Viettel,Viettel Group,309043.0,318602.0,8,0,18390900-033a-bb8d-ja9a-0addd3aaa9a9,2025-10-24 18:14:16+00:00,2025-10-25 01:14:16+07:00,309.043,318.602,Viettel Group
117.2.253.0,,Vietnam,Da Nang,Da Nang,16.07,108.22,72434,Tam Ky,CHROME,,Viettel,Viettel Group,310009.0,318732.0,7,0,18390903-440a-bb8d-ja9a-3eeaa4eda9a9,2025-10-24 18:15:14+00:00,2025-10-25 01:15:14+07:00,310.009,318.732,Viettel Group
117.2.253.0,,Vietnam,Da Nang,Da Nang,16.07,108.22,72434,Tam Ky,CHROME,,Viettel,Viettel Group,311234.0,318637.0,6,0,18390936-795a-bb8d-ja9d-6hjff9hgd9a9,2025-10-24 18:24:37+00:00,2025-10-25 01:24:37+07:00,311.234,318.637,Viettel Group
117.2.253.0,,Vietnam,Da Nang,Da Nang,16.07,108.22,72434,Tam Ky,CHROME,,Viettel,Viettel Group,314447.0,297121.0,9,0,18390942-248a-bb8d-ja9e-2ceii4cce9a9,2025-10-24 18:26:09+00:00,2025-10-25 01:26:09+07:00,314.447,297.121,Viettel Group
117.2.253.0,,Vietnam,Da Nang,Da Nang,16.07,108.22,72434,Tam Ky,CHROME,,Viettel,Viettel Group,307855.0,318043.0,5,3,18391003-409a-bb8d-jb0a-3eajj0eda0b9,2025-10-24 18:43:28+00:00,2025-10-25 01:43:28+07:00,307.855,318.043,Viettel Group
117.2.253.0,,Vietnam,Da Nang,Da Nang,16.07,108.22,72434,Tam Ky,CHROME,,Viettel,Viettel Group,316847.0,297344.0,8,1,18391007-010a-bb8d-jb0a-7abaa1aha0b9,2025-10-24 18:44:32+00:00,2025-10-25 01:44:32+07:00,316.847,297.344,Viettel Group
117.2.253.0,,Vietnam,Da Nang,Da Nang,16.07,108.22,72434,Tam Ky,CHROME,,Viettel,Viettel Group,336572.0,297496.0,6,40,18391027-700a-bb8d-jb0c-7haaa0hhc0b9,2025-10-24 18:50:37+00:00,2025-10-25 01:50:37+07:00,336.572,297.496,Viettel Group
117.2.253.0,,Vietnam,Da Nang,Da Nang,16.07,108.22,72434,Tam Ky,CHROME,,Viettel,Viettel Group,304276.0,318193.0,10,8,18391050-163a-bb8d-jb0f-0bgdd6baf0b9,2025-10-24 18:57:17+00:00,2025-10-25 01:57:17+07:00,304.276,318.193,Viettel Group
117.2.253.0,,Vietnam,Da Nang,Da Nang,16.07,108.22,72434,Tam Ky,CHROME,,Viettel,Viettel Group,316790.0,296986.0,9,0,18391088-819a-bb8d-jb0i-8ibjj1iii0b9,2025-10-24 19:08:55+00:00,2025-10-25 02:08:55+07:00,316.79,296.986,Viettel Group
117.2.253.0,,Vietnam,Da Nang,Da Nang,16.07,108.22,72434,Tam Ky,CHROME,,Viettel,Viettel Group,312337.0,297604.0,6,0,18391095-759a-bb8d-jb0j-5hfjj5hfj0b9,2025-10-24 19:10:59+00:00,2025-10-25 02:10:59+07:00,312.337,297.604,Viettel Group
117.2.253.0,,Vietnam,Da Nang,Da Nang,16.07,108.22,72434,Tam Ky,CHROME,,Viettel,Viettel Group,316707.0,297798.0,9,0,18391130-266a-bb8d-jb1d-0cggg6cad1b9,2025-10-24 19:21:16+00:00,2025-10-25 02:21:16+07:00,316.707,297.798,Viettel Group
117.2.253.0,,Vietnam,Da Nang,Da Nang,16.07,108.22,72434,Tam Ky,CHROME,,Viettel,Viettel Group,318273.0,297725.0,5,1,18391136-696a-bb8d-jb1d-6gjgg9ggd1b9,2025-10-24 19:23:16+00:00,2025-10-25 02:23:16+07:00,318.273,297.725,Viettel Group
117.2.253.0,,Vietnam,Da Nang,Da Nang,16.07,108.22,72434,Tam Ky,CHROME,,Viettel,Viettel Group,305549.0,318860.0,8,7,18391151-225a-bb8d-jb1f-1ccff2cbf1b9,2025-10-24 19:27:43+00:00,2025-10-25 02:27:43+07:00,305.549,318.86,Viettel Group
117.2.253.0,,Vietnam,Da Nang,Da Nang,16.07,108.22,72434,Tam Ky,CHROME,,Viettel,Viettel Group,316872.0,297440.0,5,0,18391183-220a-bb8d-jb1i-3ccaa2cdi1b9,2025-10-24 19:37:37+00:00,2025-10-25 02:37:37+07:00,316.872,297.44,Viettel Group
117.2.253.0,,Vietnam,Da Nang,Da Nang,16.07,108.22,72434,Tam Ky,CHROME,,Viettel,Viettel Group,310429.0,318846.0,9,0,18391238-989a-bb8d-jb2d-8jijj8jid2b9,2025-10-24 19:54:52+00:00,2025-10-25 02:54:52+07:00,310.429,318.846,Viettel Group
117.2.253.0,,Vietnam,Da Nang,Da Nang,16.07,108.22,72434,Tam Ky,CHROME,,Viettel,Viettel Group,318291.0,297752.0,10,0,18391268-176a-bb8d-jb2g-8bhgg7big2b9,2025-10-24 20:04:16+00:00,2025-10-25 03:04:16+07:00,318.291,297.752,Viettel Group
,2001:ee0:1c43::,Vietnam,Da Nang,Da Nang,16.07,108.22,72434,Tam Ky,Chrome,,Vinaphone,VNPT,36542.0,,40,76,18391293-672a-bb8d-jb2j-3ghcc7gdj2b9,2025-10-24 20:12:39+00:00,2025-10-25 03:12:39+07:00,36.542,,VNPT
117.2.253.0,,Vietnam,Da Nang,Da Nang,16.07,108.22,72434,Tam Ky,CHROME,,Viettel,Viettel Group,310737.0,319046.0,9,0,18391329-330a-bb8d-jb3c-9ddaa3djc3b9,2025-10-24 20:24:43+00:00,2025-10-25 03:24:43+07:00,310.737,319.046,Viettel Group
117.2.253.0,,Vietnam,Da Nang,Da Nang,16.07,108.22,72434,Tam Ky,CHROME,,Viettel,Viettel Group,305701.0,317885.0,9,0,18391344-840a-bb8d-jb3e-4ieaa4iee3b9,2025-10-24 20:30:13+00:00,2025-10-25 03:30:13+07:00,305.701,317.885,Viettel Group
14.175.193.0,,Vietnam,Thua Thien Hue,Kon Tom,16.2,107.3,72434,Tam Ky,EDGE,,Vinaphone,VNPT,893877.0,753897.0,11,0,18391366-853a-bb8d-jb3g-6ifdd5igg3b9,2025-10-24 20:38:05+00:00,2025-10-25 03:38:05+07:00,893.877,753.897,VNPT
117.2.253.0,,Vietnam,Da Nang,Da Nang,16.07,108.22,72434,Tam Ky,CHROME,,Viettel,Viettel Group,309705.0,297624.0,9,0,18391415-398a-bb8d-jb4b-5djii9dfb4b9,2025-10-24 20:55:37+00:00,2025-10-25 03:55:37+07:00,309.705,297.624,Viettel Group
,2405:4803:50ba::,Vietnam,Da Nang,Da Nang,16.07,108.22,72434,Tam Ky,Chrome,,FPT Telecom,FPT Telecom,8142.0,9254.0,48,6,18391501-103a-bb8d-jb5a-1badd0bba5b9,2025-10-24 21:28:38+00:00,2025-10-25 04:28:38+07:00,8.142,9.254,FPT Telecom
117.2.253.0,,Vietnam,Da Nang,Da Nang,16.07,108.22,72434,Tam Ky,CHROME,,Viettel,Viettel Group,327070.0,318319.0,10,0,18391630-434a-bb8d-jb6d-0edee3ead6b9,2025-10-24 22:25:38+00:00,2025-10-25 05:25:38+07:00,327.07,318.319,Viettel Group
117.2.253.0,,Vietnam,Da Nang,Da Nang,16.07,108.22,72434,Tam Ky,CHROME,,Viettel,Viettel Group,308092.0,319264.0,5,0,18391636-188a-bb8d-jb6d-6biii8bgd6b9,2025-10-24 22:28:25+00:00,2025-10-25 05:28:25+07:00,308.092,319.264,Viettel Group
117.2.253.0,,Vietnam,Da Nang,Da Nang,16.07,108.22,72434,Tam Ky,CHROME,,Viettel,Viettel Group,315889.0,296466.0,6,0,18391643-920a-bb8d-jb6e-3jcaa2jde6b9,2025-10-24 22:32:12+00:00,2025-10-25 05:32:12+07:00,315.889,296.466,Viettel Group
117.2.253.0,,Vietnam,Da Nang,Da Nang,16.07,108.22,72434,Tam Ky,CHROME,,Viettel,Viettel Group,309998.0,318779.0,6,0,18391727-829a-bb8d-jb7c-7icjj2ihc7b9,2025-10-24 23:15:00+00:00,2025-10-25 06:15:00+07:00,309.998,318.779,Viettel Group
42.1.84.0,,Vietnam,,,16.17,107.83,72434,Tam Ky,Chrome,,MobiFone,MobiFone,20028.0,7058.0,51,7,18391757-074a-bb8d-jb7f-7ahee7ahf7b9,2025-10-24 23:31:00+00:00,2025-10-25 06:31:00+07:00,20.028,7.058,MobiFone
117.2.253.0,,Vietnam,Da Nang,Da Nang,16.07,108.22,72434,Tam Ky,CHROME,,Viettel,Viettel Group,310718.0,297936.0,6,0,18391769-138a-bb8d-jb7g-9bdii3bjg7b9,2025-10-24 23:37:44+00:00,2025-10-25 06:37:44+07:00,310.718,297.936,Viettel Group
117.2.253.0,,Vietnam,Da Nang,Da Nang,16.07,108.22,72434,Tam Ky,CHROME,,Viettel,Viettel Group,306072.0,296890.0,10,0,18391776-544a-bb8d-jb7h-6feee4fgh7b9,2025-10-24 23:41:52+00:00,2025-10-25 06:41:52+07:00,306.072,296.89,Viettel Group
117.2.253.0,,Vietnam,Da Nang,Da Nang,16.07,108.22,72434,Tam Ky,CHROME,,Viettel,Viettel Group,300272.0,318655.0,5,1,18391787-923a-bb8d-jb7i-7jcdd2jhi7b9,2025-10-24 23:48:00+00:00,2025-10-25 06:48:00+07:00,300.272,318.655,Viettel Group
,2001:ee0:1c0a::,Vietnam,Da Nang,Da Nang,16.07,108.22,72434,Tam Ky,SAFARI,,Vinaphone,VNPT,17086.0,14629.0,57,26,18391788-722a-bb8d-jb7i-8hccc2hii7b9,2025-10-24 23:48:26+00:00,2025-10-25 06:48:26+07:00,17.086,14.629,VNPT
117.2.253.0,,Vietnam,Da Nang,Da Nang,16.07,108.22,72434,Tam Ky,CHROME,,Viettel,Viettel Group,320384.0,297634.0,9,0,18391824-085a-bb8d-jb8c-4aiff8aec8b9,2025-10-25 00:08:35+00:00,2025-10-25 07:08:35+07:00,320.384,297.634,Viettel Group
14.175.154.0,,Vietnam,Quang Nam Province,Điện Bàn,15.89,108.26,72434,Tam Ky,Chrome,,Vinaphone,VNPT,10993.0,4826.0,14,4,18391864-315a-bb8d-jb8g-4dbff1deg8b9,2025-10-25 00:31:18+00:00,2025-10-25 07:31:18+07:00,10.993,4.826,VNPT
